Belhaven Terrace,WARD FAIL
Telferton East,WARD FAIL
Moray Place,WARD FAIL
Darnaway Street,WARD FAIL
South East Lane,WARD FAIL
Newmills Road,WARD FAIL
Veitchs Square,WARD FAIL
High School Wynd,FAIL
Hill Square,WARD FAIL
Coillsdene Loan,WARD FAIL
Muirwood Road,FAIL
Gorgie Cottages,WARD FAIL
Eildon Street,WARD FAIL
Sunnyside,WARD FAIL
Whitingford,WARD FAIL
Blackford Road,WARD FAIL
Albert Place,WARD FAIL
Freelands Road,WARD FAIL
Argyle Place,WARD FAIL
Torphican Street,WARD FAIL
Great Stuart Street,WARD FAIL
Ba,WARD FAIL
Warriston Farm Road,WARD FAIL
Hillside Crescent,WARD FAIL
Buccleuch Street,WARD FAIL
Muirhouse Drive,WARD FAIL
Piershill Lane,WARD FAIL
Old Assembley Close,WARD FAIL
Niddrie House Square,WARD FAIL
Corruna Place,WARD FAIL
Dublin Street,WARD FAIL
Beaverhall Road,WARD FAIL
Marchbank Gardens,WARD FAIL
Royal Circus,WARD FAIL
Constitution Street,WARD FAIL
Clerwood Terrace,WARD FAIL
Canongate,WARD FAIL
Restalrig Crescent,WARD FAIL
Almondside,WARD FAIL
Middle Park,FAIL
Breadalbane Street,WARD FAIL
Churchill Place,FAIL
Breadalbane Terrace,WARD FAIL
Rose Street South Lane,WARD FAIL
Underpass,FAIL
Caledonian Road,WARD FAIL
Potterow,WARD FAIL
Calder Drive,FAIL
Alva Street,WARD FAIL
Leopold Place,WARD FAIL
Taylor Gardens,WARD FAIL
London Street,WARD FAIL
Pennywell Medway,WARD FAIL
Oxgangs Row,WARD FAIL
Sciennes Road,WARD FAIL
West Pilton Lea,WARD FAIL
Crammond Crescent,WARD FAIL
Ferniehill Terrace,WARD FAIL
Grosvenor Gardens,WARD FAIL
Oxgangs Street,WARD FAIL
Marion Avenue,FAIL
Firrhill Drive,WARD FAIL
Valleyfield Street,WARD FAIL
Lothian Road,WARD FAIL
Corstorphine High Street,WARD FAIL
Greenhill Terrace,WARD FAIL
Nelson Street,WARD FAIL
Canning Street,WARD FAIL
Argyle Street,WARD FAIL
Craighill Gardens,WARD FAIL
Canaan Lane,WARD FAIL
Stenhouse Mill Wynd,WARD FAIL
Nether Craigour,WARD FAIL
Bonnington Road Lane,WARD FAIL
Ravelston Place,WARD FAIL
Easter Road,WARD FAIL
Summerhall,WARD FAIL
Spittal Street Lane,WARD FAIL
Craigmillar Park,WARD FAIL
Potterrow,WARD FAIL
Path Between 19 & 20 North Bughtlin Gate,FAIL
Teviot Place,WARD FAIL
Bavelaw Road,WARD FAIL
Breadalbane Terr,WARD FAIL
Richmond Lane,WARD FAIL
Mortonhall Road,WARD FAIL
Dundas Mains S.Queensferry,WARD FAIL
Cowgate,WARD FAIL
Montgomery Street,WARD FAIL
New Arthur Place,WARD FAIL
Duke Street,WARD FAIL
Almond Road,WARD FAIL
Queensferry Road/Dean Bridge,WARD FAIL
Brunswick Road,WARD FAIL
Victoria Street And Steps,FAIL
Bankhead Terrace,WARD FAIL
Sandport Street,WARD FAIL
Randolph Crescent,WARD FAIL
Bellfield Lane,WARD FAIL
Marchbank Place,WARD FAIL
Randolph Place,WARD FAIL
Broughton Street Lane,WARD FAIL
Drum Terrace,WARD FAIL
Forres Street,WARD FAIL
Bulls Close,WARD FAIL
Douglas Gardens,WARD FAIL
St College Street,FAIL
Grange Terrace,WARD FAIL
Silvermills,WARD FAIL
Path Brae,WARD FAIL
North Lawn Terrace,FAIL
Ponton Street,WARD FAIL
Spey Terrace,WARD FAIL
Sinclair Close,WARD FAIL
Gyle Avenue,WARD FAIL
Torphichen Street,WARD FAIL
Merchiston Mews,WARD FAIL
Walker Street,WARD FAIL
Firhill Drive,WARD FAIL
Cowgate,WARD FAIL
Constitution Place,WARD FAIL
Hatton Place,WARD FAIL
College Wynd,WARD FAIL
Bowling Green Road,WARD FAIL
Barclay Place,WARD FAIL
Bath Street,WARD FAIL
Barony Terrace,WARD FAIL
Alvanley Terrace,WARD FAIL
Craigs Crescent - Craigs Bank - Path,WARD FAIL
Forth Street,WARD FAIL
Beadalbane Street,WARD FAIL
Whitehall Road,FAIL
Lady Raod,WARD FAIL
Lady Stair'S Close,WARD FAIL
Redhall House Dr,WARD FAIL
Balckford Road,WARD FAIL
Hawthornbank Lane To Bells Brae,WARD FAIL
Laverock Bank Avenue - South,WARD FAIL
Muirwood Crescent,FAIL
Peffer Place,WARD FAIL
Dryden Place,WARD FAIL
York Place,WARD FAIL
Greenside Lane,WARD FAIL
Dublin Street Lane,WARD FAIL
Prince Regent Street,WARD FAIL
Saughton Road North,WARD FAIL
Crown Street,WARD FAIL
Lower Granton Road,FAIL
Hope Street Lane,WARD FAIL
Hailesland Place,WARD FAIL
Dewar Place Lane,WARD FAIL
St Margarets Road,WARD FAIL
Potter Row,WARD FAIL
Hallhead Road,WARD FAIL
West Pilton Drive,WARD FAIL
Marine Esplanade,FAIL
Mayfield Gardens Lane,WARD FAIL
Elm Row,WARD FAIL
West Tollcross,WARD FAIL
Lennox Street,WARD FAIL
Abbotsford Park,WARD FAIL
Summerhall Square,WARD FAIL
Crawford Road,FAIL
Muirwood Grove,FAIL
Coates Crescent,WARD FAIL
East Fountainbridge,WARD FAIL
Hailes Street,FAIL
