Royston Mains Gardens,EH5 1NL,55.9764452,-3.2321792
Albion Place,EH7 5QS,55.9622466,-3.1664719
Comely Green Crescent,EH7 5TB,55.9560426,-3.1653133
Ravelston Dykes,EH12 6HF,55.9513036,-3.239206
Glasgow Road,EH12 8LH,55.9410967,-3.3066194
Candlemaker's Crescent,EH17 8TX,55.9083639,-3.1264931
Elliot Park,EH14 1DY,55.915434,-3.2450112
Standingstane Road,EH30 9UB,55.9743505,-3.3740628
Belhaven Terrace,EH10 5HZ,55.9251594,-3.2102717
Scotstoun Park,EH30 9PQ,55.9817551,-3.3938545
Chesser Crescent,EH14 1SP,55.93104719999999,-3.2486591
Fraser Avenue,EH5 2AG,55.9726376,-3.2168065
Wester Broom Gardens,EH12 7RA,55.93696079999999,-3.2939246
Turnhouse Road,EH12 0AU,55.944972,-3.3237601
Craigleith Rise,EH4 3TR,55.9514301,-3.2477734
Braehead Drive,EH4 6BR,55.964383,-3.3116283
Shandon Road,EH11 1QG,55.9332883,-3.2323595
Pilton Avenue,EH5 2HD,55.9728284,-3.2303895
Wester Coates Place,EH12 5YG,55.9484473,-3.22926
Telferton,EH7 6UL,55.95588799999999,-3.126132
Barnton Park Wood,EH4 6EW,55.9612485,-3.2989812
Kirkgate,EH14 6AR,55.8915547,-3.3051067
Hillwood Rise,EH28 8QB,55.9357903,-3.3866745
Malleny Avenue,EH14 7EJ,55.8798196,-3.3378596
West Silvermills Lane,EH3 5BD,55.9591812,-3.204813
Alemoor Park,EH7 6US,55.96526710000001,-3.1575863
Fishwives' Causeway,EH7 6GH,55.9546161,-3.1269441
Cluny Place,EH10 4RH,55.9264456,-3.2011055
Newton Street,EH11 1TQ,55.9378762,-3.2307985
East Market Street,EH1 1DH,55.9514953,-3.1851808
Barn Park,EH14 3HX,55.9113741,-3.2789957
Teviotdale Place,EH3 5HY,55.9616298,-3.2082103
Cheyne Street,EH4 1JA,55.95859549999999,-3.2128399
Ettrick Road,EH10 5EP,55.9337172,-3.2204404
Roseneath Terrace,EH9 1JP,55.93895089999999,-3.1933534
Murrayburn Gate,EH14 2RW,55.91611520000001,-3.2836435
Arnott Gardens,EH14 2LB,55.9191083,-3.2592647
Kaimes Road,EH12 6JT,55.9449509,-3.2738058
Ardshiel Avenue,EH4 7LH,55.9529428,-3.2906099
Gogar Station Road,EH12 9BS,55.9291069,-3.325867
Moray Place,EH3 6DT,55.9553631,-3.208894
Robertson's Close,EH1 1LU,55.94849869999999,-3.1859952
Durham Avenue,EH15 1RY,55.9462011,-3.1256204
Priory Grove,EH30 9LZ,55.98524639999999,-3.3994795
Parliament Square,EH1 1RF,55.9492163,-3.1902983
Echline Drive,EH30 9UX,55.9865049,-3.4155481
Gillsland Road,EH10 5BL,55.93209960000001,-3.2216976
Roull Road,EH12 7JW,55.9359031,-3.2808765
Darnaway Street,EH3 6DW,55.9546506,-3.2067967
Torduff Road,EH13 0PA,55.8959358,-3.270954
Sighthill Drive,EH11 4QJ,55.9197606,-3.2831379
Dalmahoy Crescent,EH14 7BX,55.8903051,-3.3413003
Broughton Road,EH7 4QH,55.9653655,-3.1899846
Walkers Wynd,EH14 2TD,55.916778,-3.2764967
Admiral Terrace,EH10 4JH,55.93822059999999,-3.2083627
Braid Hills Crescent,EH10 6LJ,55.9168728,-3.2097538
Bramble Drive,EH4 8BW,55.9579551,-3.3048606
Hyvot Mill Drive,EH17 8NE,55.9053804,-3.1416107
Jane Street,EH6 5NA,55.9700627,-3.1752044
Marchbank Way,EH14 7LW,55.88043159999999,-3.3408033
Morningside Drive,EH10 5NX,55.9241702,-3.211977
Meggetland View,EH14 1XT,55.9263463,-3.2370096
Barnton Park Crescent,EH4 6EP,55.96127809999999,-3.2967243
Cadiz Street,EH6 7BJ,55.9749128,-3.1642983
South East Lane,EH3 7NJ,55.9495675,-3.2119107
Newmills Road,EH22 1ET,55.8922734,-3.0642934
Veitch's Square,EH4 1LT,55.9587383,-3.2087786
Greendykes Loan,EH16 4HG,55.928411,-3.1285687
Waterloo Place,EH1 3EG,55.953252,-3.188267
Upper Damside,EH4 3AY,55.9524482,-3.2187621
Hillwood Road,EH28 8PU,55.9376249,-3.3902866
Waterloo Place,EH1 3EG,55.953252,-3.188267
|Rintoul Place, Colville Place|,EH3 5HT,55.9614081,-3.2062933
Thornville Terrace,EH6 8DB,55.9663811,-3.162518
High Street,fFAILFAILFAILFAIL,53.9844832,-2.1031727
Succoth Gardens,EH12 6BS,55.9499809,-3.2379987
Kingsknowe Park,EH14 2JQ,55.9164015,-3.2608986
Telford Gardens,EH4 2PU,55.96411209999999,-3.2393939
Beach Lane,EH15 1HU,55.9547073,-3.1139908
Royal Park Terrace,EH8 8JB,55.9547061,-3.1602776
Brighouse Park Cross,EH4 6GZ,55.9758138,-3.2952909
West Mains Road,EH9 3JE,55.9245732,-3.1772136
Muirhouse Parkway,EH4 5JJ,55.97390919999999,-3.259968
Hill Square,EH8 9DP,55.9465576,-3.1838715
Monkbarns Gardens,EH16 6DG,55.9162086,-3.1584711
Bell Place,EH3 5HU,55.96178140000001,-3.2068537
Chesser Crescent,EH14 1SP,55.93104719999999,-3.2486591
Glenallan Drive,EH16 5RA,55.9235111,-3.1571756
Brae Park,EH4 6DJ,55.96589729999999,-3.3112088
Coillesdene Loan,EH15 2LJ,55.9468417,-3.0894189
North Park Terrace,EH4 1DP,55.9603104,-3.2175518
Edinburgh South Drive,fFAILFAILFAILFAIL,35.7393159,-78.8017954
Parkhead View,EH11 4RU,55.9226301,-3.2781033
Craiglockhart Crescent,EH14 1EZ,55.9189932,-3.2450619
Cameron Park,EH16 5LA,55.930226,-3.1614447
Murrayfield Road,EH12 6ER,55.9480684,-3.247708
Bread Street Lane,EH3 9AF,55.9455499,-3.20454
Rillbank Crescent,EH9 1LJ,55.9393939,-3.1896887
Spittal Street,EH3 9AR,55.9462207,-3.2031494
Dalkeith Road,EH16 5AH,55.93525039999999,-3.1689161
Drum Brae Gardens,EH12 8SY,55.9486438,-3.2936983
Gladstone Place,EH6 7LX,55.9699043,-3.1591206
Gorgie Road,EH11 2RN,55.9352998,-3.2426261
Forkenford,EH16 4EZ,55.936412,-3.1442467
Bonnington Avenue,EH6 5QH,55.972138,-3.1880854
McLeod Street,EH11 2ND,55.9395389,-3.2308777
Durar Drive,EH4 7HW,55.95254199999999,-3.2913325
Kyle Place,EH7 5XH,55.956651,-3.1715014
Fairbrae,EH11 3GZ,55.9270074,-3.27284
Alexander Drive,EH11 2RH,55.9369865,-3.2425772
Meadowbank Crescent,EH8 7AJ,55.95479109999999,-3.1562781
Albany Lane,EH1 3QP,55.9576799,-3.1911016
Cammo Brae,EH4 8ET,55.9594634,-3.3142107
South Mellis Park,EH8 7TP,55.9536473,-3.1381538
Lasswade Road,EH17 8JA,55.90364839999999,-3.1480282
Silverknowes Court,EH4 5NP,55.9697765,-3.2694854
Parkhead Terrace,EH11 4RE,55.92460620000001,-3.2701037
Waterloo Place,EH1 3EG,55.953252,-3.188267
Eildon Street,EH3 5JU,55.96616179999999,-3.2017302
Rannoch Place,EH4 7HH,55.9550245,-3.2845449
Thomson Grove,EH14 5HZ,55.9006913,-3.301459
Sunnyside,EH7 5RA,55.9607689,-3.1700102
Rosebery Avenue,EH30 9JD,55.9859905,-3.3924151
Whitingford,EH6 5TB,55.9715377,-3.188398
West Newington Place,EH9 1QU,55.9382354,-3.1787945
Mid Liberton,EH16 5QT,55.9230812,-3.1671113
House O'Hill Row,EH4 2AW,55.9628068,-3.2575141
Barnton Loan,EH4 6JQ,55.9663258,-3.2825997
Corslet Crescent,EH14 5HR,55.89949970000001,-3.304657
Oxgangs Broadway,EH13 9LQ,55.9056481,-3.2227626
Wardieburn Place South,EH5 1DX,55.977295,-3.2266429
Hallcroft Rise,EH28 8RX,55.9212899,-3.3901983
Broad Wynd,EH6 6QZ,55.9756477,-3.1696753
Buckstone Green,EH10 6UF,55.9062104,-3.2006348
Blackford Road,EH9 2DT,55.93243159999999,-3.1953546
Salvesen Gardens,EH4 5JX,55.9754122,-3.2554493
Craighouse Avenue,EH10 5LN,55.9240201,-3.2228475
Carfrae Road,EH4 3RY,55.957944,-3.2611173
Albert Place,EH21 8LD,55.9377325,-3.0125048
High Street,EH1 1QU,55.9497514,-3.1889794
West Werberside,EH4 1SX,55.96715320000001,-3.2301019
Gloucester Street,EH3 6EG,55.957626,-3.2080435
Academy Street,EH6 7EF,55.9705437,-3.1700379
Meadowfield Gardens,EH8 7NT,55.9441421,-3.1425291
Stuart Wynd,EH12 8XU,55.9488362,-3.3035919
Saint Leonard's Bank,EH8 9SQ,55.9429464,-3.1763184
Marshall Road,EH29 9DD,55.9552028,-3.4087083
Rowantree Grove,EH14 5AT,55.8936329,-3.3246973
Freelands Road,EH28 8NW,55.92944079999999,-3.36592
Roseneath Terrace,EH9 1JL,55.93890620000001,-3.1914437
Seacot,EH6 7QG,55.9682664,-3.1501905
Redford Walk,EH13 0AG,55.9064085,-3.2430596
Currievale Drive,EH14 5RP,55.89691,-3.3240963
Alnwickhill Grove,EH16 6YA,55.9052456,-3.1712442
Deanpark Court,EH14 7EG,55.879687,-3.3453398
Corstorphine House Avenue,EH12 7AD,55.9415224,-3.2799596
Brown's Place,EH1 2HX,55.9465744,-3.1969364
Torphichen Street,EH3 8HX,55.9470235,-3.2130824
Brandon Street,EH3 5DX,55.9613423,-3.2014541
Carrick Knowe Loan,EH12 7DZ,55.9345272,-3.2747056
Great Stuart Street,EH3 7TN,55.9528566,-3.2107054
Woodhall Avenue,EH14 5BU,55.9057712,-3.2819139
Whins Place,EH15 1JQ,55.95451869999999,-3.1152819
Grove Street,EH3 8FF,55.9445293,-3.2120024
Annandale Street Lane,EH7 4LS,55.96098,-3.1824581
Corstorphine Hill Avenue,EH12 6LF,55.94637849999999,-3.2767827
Cobden Road,EH9 2BJ,55.93246809999999,-3.1709715
Bruntsfield Place,EH10 4HG,55.9376375,-3.2061149
Brunstane Crescent,EH15 2NX,55.9440469,-3.0921491
Richmond Place,EH8 9ST,55.9464663,-3.1833126
Trafalgar Street,EH6 4DG,55.9734892,-3.1854992
Moredun Park Court,EH17 7EY,55.9129876,-3.1396709
Warriston Farm Road,EH14 4AF,55.9068651,-3.3377763
Foulis Crescent,EH14 5BN,55.9063908,-3.2802562
Woodhall Drive,EH14 5BT,55.9045517,-3.2846968
Clarebank Crescent,EH6 7NJ,55.968258,-3.1567154
Waterloo Place,EH1 3EG,55.953252,-3.188267
Echline Gardens,EH30 9UT,55.9874239,-3.4145654
North Street,EH28 8RR,55.9215719,-3.3842281
Maxwell Street,EH10 5HU,55.9261476,-3.2119207
Campbell Park Drive,EH13 0HS,55.9031289,-3.2711748
Hillside Street,EH7 5EA,55.9582434,-3.1780775
Cleikiminrig,EH15 3QZ,55.9327371,-3.1099153
Spa Place,EH15 1TR,55.9553703,-3.114449
Buccleuch Street,EH8 9LS,55.9424256,-3.1842824
Muirhouse Drive,EH4 4TN,55.9713017,-3.2601153
Bingham Avenue,EH15 3JB,55.9398464,-3.1223339
Hillview Crescent,EH12 8QF,55.9475673,-3.2879445
Beresford Place,EH5 3SL,55.975353,-3.2037314
Kirk Cramond,EH4 6NS,55.9781653,-3.2995667
Piershill Lane,EH8 7EJ,55.9546384,-3.1478688
Craigleith Hill,EH4 2EG,55.9568962,-3.2384128
Western Gardens,EH12 5QD,55.9447673,-3.2482319
Waterloo Place,EH1 3EG,55.953252,-3.188267
Moredun Dykes Road,EH17 8PT,55.9059501,-3.1380525
Wardie House Lane,EH5 3RL,55.9795937,-3.213892
Wester Hailes Park,EH14 3AG,55.9137886,-3.2783014
Marshall Street,EH8 9BJ,55.94574009999999,-3.1866497
Church Hill Place,EH10 4BD,55.9321571,-3.2094347
Craigmount Loan,EH12 8DJ,55.9506819,-3.2991709
Wolrige Road,EH16 6HX,55.91487249999999,-3.1637904
Riselaw Crescent,EH10 6HN,55.9127749,-3.2112559
Ferry Road Place,EH4 4AX,55.96830319999999,-3.2460188
Comiston Drive,EH10 5QS,55.9202418,-3.2169675
Alderbank Terrace,EH11 1SZ,55.9312623,-3.2323928
Hillend Place,EH8 7AE,55.9548893,-3.1513231
Swanston Road,EH10 7DT,55.887753,-3.217244
Upper Dean Terrace,EH4 1NU,55.9559696,-3.211505
Southfield Terrace,EH15 1RE,55.943412,-3.1290636
High Street,EH1 1RW,55.94972929999999,-3.1894111
Cavalry Park Drive,EH15 3QG,55.94119209999999,-3.1403515
Echline Place,EH30 9XB,55.986966,-3.4127196
Grassmarket,EH1 2LJ,55.9475383,-3.1962969
Baird Avenue,EH12 5RU,55.9403003,-3.249547
Balgreen Gardens,EH12 5UG,55.9414003,-3.2583477
South Steil,EH10 5XF,55.9169792,-3.2272856
Saint Andrew Square,EH2 2LL,55.9542321,-3.1936847
